{"MSE": 2.4533748137793148, "_timestamp": 1686067418.2676468, "_runtime": 16.46169090270996, "_step": 0, "_wandb": {"runtime": 16}}