{"MSE": 2.454507191207309, "_timestamp": 1686067387.1615868, "_runtime": 7.2928197383880615, "_step": 0, "_wandb": {"runtime": 7}}