{"MSE": 2.4533748137793148, "_timestamp": 1686067493.2380536, "_runtime": 16.889697551727295, "_step": 0, "_wandb": {"runtime": 16}}