{"MSE": 2.453983836538874, "_timestamp": 1686062742.9354348, "_runtime": 12.31344985961914, "_step": 0, "_wandb": {"runtime": 12}}