{"MSE": 2.453031255035805, "_timestamp": 1686067453.6557126, "_runtime": 14.032753705978394, "_step": 0, "_wandb": {"runtime": 13}}