{"MSE": 2.452960719092569, "_timestamp": 1686067356.5807981, "_runtime": 13.077521085739136, "_step": 0, "_wandb": {"runtime": 12}}